point_id,t_skin,n_str,h_str,t_str,mass_kg,lambda_1,N_cr_per_mm,meets_target
0,2.27826,4,16.98999,1.60536,1.41836,1.838937,137.5490,False
1,1.71376,5,20.1241,2.02454,1.23601,4.457055,204.3343,False
2,2.65267,4,32.02234,2.47027,1.91470,6.564663,775.0734,True
3,1.95738,5,20.789,1.86653,1.35799,3.278770,223.9647,False
4,1.15637,3,18.5809,1.48216,0.75778,7.179040,44.9384,False
5,2.21715,6,32.70341,1.63524,1.67874,5.599421,756.5979,True
6,1.8334,4,10.44072,2.67463,1.17463,1.912465,74.5497,False
7,2.3958,3,33.34999,1.81497,1.58447,6.657648,370.6237,True
8,1.76498,4,17.22229,2.62936,1.23311,4.165506,144.8665,False
11,2.98065,5,27.73044,2.33831,2.10790,2.828452,682.2208,True
12,1.92371,2,17.83976,1.71918,1.15484,4.522818,73.3181,False
13,2.11293,2,39.49802,2.40523,1.43889,7.248804,155.7058,False
14,1.08483,5,13.09934,2.07456,0.79203,4.930091,57.3302,False
15,2.33794,3,15.4031,1.03291,1.36624,1.608512,83.2118,False
16,1.35346,5,13.71674,2.97071,1.03573,4.185436,94.5192,False
17,1.87241,3,15.93865,2.84998,1.23048,4.014658,106.6871,False
18,2.13602,4,27.16296,2.87804,1.62229,7.585654,467.6163,True
19,1.37237,4,23.6879,2.05327,1.03346,7.827368,127.9706,False
20,2.08668,5,22.05914,2.51195,1.54530,4.033300,333.7884,True
21,2.23915,4,19.23177,1.31004,1.38505,1.956196,138.9129,False
22,2.91018,2,24.53653,2.25918,1.77216,4.393599,246.5830,False
24,2.71068,5,31.63641,2.57491,2.07329,5.139820,932.4507,True
25,2.5879,2,14.01526,2.15782,1.52295,1.840337,72.6312,False
26,1.47564,6,21.89079,1.04091,1.01049,4.074060,162.2951,False
27,2.73516,3,28.34298,1.99059,1.75602,4.807018,398.1848,True
28,1.25154,5,37.54051,1.07508,0.97635,6.938772,123.8968,False
29,2.50401,3,22.7848,1.56822,1.54123,2.960199,188.1437,False
30,1.27977,3,18.1607,1.44155,0.82072,6.928400,58.7881,False
31,1.41429,4,10.54306,1.2164,0.85765,1.757110,31.4409,False
32,1.98206,2,35.51943,2.71161,1.36978,7.539324,133.6799,False
33,2.81906,2,11.95025,1.28985,1.61025,1.370426,69.9120,False
34,2.96633,4,26.38815,2.96135,2.08376,3.592014,593.0306,True
35,2.6836,5,23.47983,2.56242,1.91023,2.670064,470.0220,True
36,1.63467,4,34.53352,2.29297,1.34914,7.886459,217.8979,False
37,1.20666,4,12.68956,1.77319,0.79601,3.725500,41.4019,False
38,2.62773,5,26.67676,1.5507,1.74852,2.568687,424.5185,True
39,1.3154,5,29.07644,2.1121,1.15818,8.335880,172.8097,False
40,2.03897,4,38.00552,2.18691,1.59578,7.269047,389.7541,True
41,1.79194,5,39.83482,2.30646,1.63487,7.837170,410.7455,True
42,1.45994,2,29.78307,1.95361,0.97348,7.407244,52.4862,False
43,1.59728,2,21.33791,2.82948,1.05593,7.756592,71.9776,False
44,2.49177,3,16.21948,1.7402,1.50312,1.756879,110.0339,False
46,1.56644,3,31.44208,1.39508,1.05385,6.844190,106.4937,False
47,2.02861,3,24.33492,2.38065,1.36949,7.138622,241.2519,False
48,1.03553,6,36.07825,1.16738,0.92701,7.628045,105.0118,False
49,2.54911,3,14.97555,2.90523,1.59873,1.957411,131.2528,False
50,1.01223,5,11.1351,1.53323,0.68145,3.116620,29.4418,False
51,2.40486,3,37.23008,2.77728,1.76827,7.339164,413.2156,True
52,1.18022,6,28.7506,2.23312,1.19166,8.941899,182.2449,False
53,1.51149,5,12.28241,1.89577,1.00222,2.003056,63.0017,False
54,1.6121,6,25.91742,1.91767,1.31083,7.527792,391.0032,True
55,1.82848,4,35.25827,1.67491,1.34498,6.944447,268.5277,False
57,2.84082,4,36.88161,2.73632,2.14061,7.000157,1015.1253,True
58,1.69612,3,30.36116,2.65664,1.27939,7.956884,157.1714,False
59,1.13167,3,34.4759,2.45547,0.98222,8.828495,51.7973,False
9,2.18862,5,33.84802,1.15274,1.48805,13.815460,527.6909,True
10,2.78618,4,38.706,1.43086,1.85704,14.815140,810.7258,True
23,2.44473,6,19.85925,1.23356,1.56358,2.494573,180.7531,False
45,2.311,6,30.60762,1.35267,1.63021,8.832781,540.6224,True
56,2.89603,4,25.07526,1.11883,1.76618,3.768301,231.5770,False
60,1.32682,5,22.77019,1.81473,1.02490,19.342600,164.6092,False
61,2.92625,2,29.46506,1.73803,1.76936,13.366240,305.0610,True
62,2.13318,4,32.29537,2.70841,1.67238,18.911630,464.4641,True
63,1.22943,4,21.41809,1.18544,0.82473,17.034570,80.0909,False
64,1.54575,6,24.45917,2.95433,1.46209,22.098570,404.7424,True
65,1.2117,5,12.76702,1.32077,0.79090,5.805192,37.6275,False
66,2.42567,5,18.14775,2.09605,1.61304,3.561940,185.2187,False
67,1.77595,2,24.29538,1.05505,1.05869,16.227300,82.7907,False
68,1.01754,4,37.36688,1.26841,0.82928,19.148530,51.0423,False
69,1.98595,4,25.95934,1.88408,1.37612,16.292200,322.8683,True
70,2.42982,3,13.90198,1.68707,1.44878,2.806436,65.1926,False
71,1.11135,2,22.23696,2.83477,0.79315,21.456080,26.8254,False
72,2.96108,3,33.20206,1.66527,1.87692,12.330280,518.3750,True
73,2.50964,4,19.34647,2.90422,1.70776,5.953056,238.0756,False
74,1.53069,3,35.67004,2.40971,1.20949,20.209040,117.3622,False
75,1.82252,3,10.54911,1.23295,1.06756,2.411900,23.6427,False
76,2.65721,5,26.98034,1.7789,1.81098,6.542452,447.2202,True
77,2.70831,5,33.97468,2.10978,2.00399,12.828990,928.5190,True
78,2.5818,2,38.45179,2.47075,1.69959,17.434610,273.2897,False
79,1.14228,5,12.21061,2.95929,0.88624,11.514650,62.5276,False
80,2.89033,3,38.56404,2.73504,2.04685,17.455780,682.4993,True
81,2.02912,4,25.84047,2.77382,1.52671,19.016500,401.9708,True
82,2.29396,4,38.13208,2.75453,1.85944,18.788170,573.8293,True
83,1.70784,4,27.65841,1.57281,1.19143,17.146780,216.1050,False
84,2.27335,3,16.90091,2.04806,1.40832,5.440547,103.5052,False
86,1.46921,3,24.93017,2.31166,1.05720,19.653320,100.9272,False
87,2.85573,5,15.68651,1.36977,1.73712,1.698908,144.1533,False
88,2.5342,2,20.83803,1.19115,1.47802,6.532025,96.8308,False
89,1.3452,4,37.57567,1.1062,0.97904,17.065320,105.1031,False
90,1.49321,5,31.81434,2.45594,1.37326,21.118810,256.1742,False
91,2.8254,5,14.51994,2.50252,1.82346,1.990067,163.5350,False
92,1.68791,5,38.03111,2.39171,1.57065,20.247210,354.7450,True
93,1.18034,3,31.61354,2.21616,0.94842,21.139520,56.2908,False
94,1.51945,4,29.09478,1.98302,1.16560,19.018330,168.8000,False
96,2.19628,6,19.82241,1.56285,1.47950,3.779840,198.5790,False
97,1.16257,3,18.86906,2.24371,0.82293,20.552630,52.2932,False
98,1.43752,4,23.18761,2.68425,1.14532,21.044160,158.1663,False
99,1.71917,6,30.34956,1.34527,1.29637,16.878480,425.2914,True
100,1.97592,5,28.64162,1.3403,1.36541,13.303040,373.9058,True
101,2.07921,3,24.13308,2.37576,1.39513,17.711430,257.7920,False
102,1.48547,3,12.51049,2.63172,0.96321,8.946364,47.4853,False
103,2.05494,3,12.83764,1.51463,1.22363,3.092105,43.4483,False
104,2.02076,5,20.12654,2.16377,1.42621,7.368216,221.5184,False
105,1.39969,3,15.52007,1.50441,0.87559,11.443280,50.8121,False
106,1.14438,3,36.26044,2.14813,0.96109,21.316130,51.7297,False
107,1.94514,4,37.11391,2.86896,1.67352,20.094120,374.1642,True
108,1.12578,4,25.53494,2.04198,0.91584,21.070400,76.0631,False
109,2.87211,3,23.75456,2.99466,1.89353,9.238010,354.4070,True
110,1.06455,6,25.38742,2.65833,1.15474,23.691240,141.7368,False
111,1.91616,2,36.49826,2.01012,1.26934,17.716130,113.5291,False
112,2.65527,5,35.49042,1.53421,1.85476,11.722370,799.5483,True
113,1.96069,3,13.08028,2.01958,1.20030,4.262929,52.0302,False
114,1.38447,6,30.52656,2.19364,1.32825,21.224830,279.3133,False
115,2.86762,5,17.33127,2.31895,1.87372,2.437488,209.4163,False
116,2.06007,5,32.8694,1.96158,1.59351,17.555070,559.1801,True
118,2.1451,3,32.67057,2.55162,1.54030,18.375580,293.7003,False
119,2.32291,6,22.54386,2.42495,1.74747,6.319388,392.7977,True
120,1.27155,4,11.4448,2.12785,0.84238,6.984572,36.3313,False
121,2.25987,5,39.94993,2.65385,1.99333,18.925120,795.7785,True
122,1.83258,5,36.90824,1.42676,1.38490,16.901790,378.9874,True
123,2.64149,5,34.62092,1.64275,1.86394,11.789140,791.6482,True
124,2.74581,3,15.83234,1.86691,1.64993,3.016045,101.1044,False
125,1.67895,3,27.44218,1.76481,1.13545,17.598500,134.8682,False
126,2.1674,3,26.3418,2.58829,1.48939,18.054390,297.6602,False
127,1.86753,2,19.46616,1.02837,1.09400,9.950409,59.0319,False
128,2.09943,5,20.63282,1.38037,1.36523,4.975665,167.7485,False
129,2.90948,5,26.13926,1.084,1.81460,3.277252,294.0757,False
130,2.47325,6,10.04206,2.76833,1.60698,2.028739,152.2043,False
131,1.28922,6,32.04693,2.71983,1.44374,23.097730,245.4410,False
132,2.21233,5,23.67774,1.85558,1.53541,7.809750,308.0988,True
133,1.50914,6,17.15701,2.87822,1.25092,10.954030,186.7064,False
134,2.71711,4,39.55669,2.61829,2.08657,17.619860,894.2621,True
135,2.35276,4,33.75677,1.25517,1.54371,14.733610,485.4928,True
136,2.49411,2,12.12435,1.70743,1.44428,3.298396,46.6115,False
137,1.81262,5,32.10419,2.53074,1.57249,19.908660,431.9819,True
138,2.81061,5,26.80246,1.47785,1.83799,4.816838,389.6431,True
139,1.21467,6,27.91091,1.67888,1.06616,20.152690,179.1038,False
140,1.08604,5,13.80389,1.55017,0.75256,10.820760,50.5008,False
141,1.26837,3,34.03016,1.45642,0.91189,18.300580,60.4677,False
142,1.56869,6,18.53213,1.92563,1.16981,8.863284,169.6691,False
143,1.8773,4,11.92183,1.49821,1.14309,2.434045,40.7446,False
144,1.93184,3,28.7998,2.43907,1.36702,18.536260,216.3995,False
145,1.59031,3,28.91995,1.30499,1.04159,16.791200,109.3573,False
146,1.90745,4,36.72775,2.98253,1.66959,20.461170,359.2780,True
147,2.75846,6,26.56781,2.06819,1.99196,5.436756,565.8961,True
148,1.85056,2,34.86601,2.08218,1.23073,17.952640,103.6289,False
149,1.34218,3,23.3566,1.64528,0.90650,18.104660,70.8832,False
150,2.51672,2,35.15635,2.89683,1.68242,18.019480,261.6316,False
151,1.25367,4,35.74144,1.89436,1.07349,20.323780,101.3199,False
152,2.69558,6,24.76106,1.90675,1.89250,4.556680,442.5904,True
153,1.04696,5,30.61615,2.79709,1.17728,23.732270,99.2277,False
154,1.6466,3,19.05959,1.2178,1.01230,10.713520,77.4492,False
155,2.30236,5,28.11477,1.39175,1.55206,8.677996,385.8712,True
156,2.10902,2,22.87037,2.37102,1.32336,17.396220,148.6415,False
157,2.77153,3,28.39469,1.62192,1.73302,9.702715,334.4820,True
158,1.18825,5,16.52183,2.26592,0.92086,18.493870,113.0458,False
159,1.88683,3,11.18938,1.12239,1.10145,2.382902,25.9194,False
160,2.17815,4,14.80107,2.57116,1.42264,4.066582,106.3246,False
161,1.79176,4,21.94967,2.68657,1.32409,18.266290,265.8463,False
162,1.01415,6,31.18565,2.52466,1.22050,23.923020,123.7426,False
163,2.22332,2,13.44731,1.14612,1.27901,3.720299,37.2415,False
164,2.6818,2,19.97607,1.04191,1.54894,4.954936,87.0483,False
165,2.12146,2,37.76864,1.09221,1.29421,16.267560,141.4719,False
166,1.45467,6,38.73441,1.06195,1.15185,16.932480,258.4704,False
167,2.23686,4,18.7128,2.13195,1.46551,5.748027,162.7706,False
168,2.93444,3,14.12437,1.9371,1.74564,2.281323,93.3433,False
169,2.94811,4,13.31585,1.71741,1.76630,1.622303,105.1729,False
170,1.75516,2,18.13213,1.83622,1.06843,15.107440,74.4019,False
171,2.84065,4,34.35207,1.99377,1.96021,13.595230,788.4614,True
172,1.76941,5,30.81583,2.80556,1.58466,20.741000,418.6184,True
173,2.37098,5,29.76042,2.29147,1.79222,13.854910,672.8071,True
174,2.38058,4,14.93236,2.57903,1.53772,3.412264,116.4747,False
175,1.67058,4,33.43228,2.20492,1.33870,19.289410,227.5420,False
176,1.0814,4,17.79409,1.74426,0.77383,19.635140,62.8252,False
177,1.73851,5,10.40896,1.01363,1.03994,1.644129,31.4754,False
178,2.01143,3,33.09095,2.84544,1.51100,19.369250,255.2397,False
179,2.99728,3,21.16771,2.33127,1.87227,5.280160,230.2235,False
180,1.63797,4,21.09263,2.22927,1.17215,18.034000,200.5167,False
181,2.38616,2,21.78308,2.91566,1.50327,15.774630,195.2096,False
182,1.4141,4,20.31523,2.92985,1.11717,21.415080,153.2148,False
183,2.97346,3,15.14997,1.27558,1.73383,2.025551,86.2284,False
184,1.42452,5,10.81893,1.44196,0.90046,2.831219,29.8183,False
185,2.5878,4,14.31136,2.60016,1.64571,2.653643,116.3524,False
186,1.36197,2,39.3071,1.61215,0.93342,18.328690,42.1772,False
187,2.60595,5,29.94305,2.4944,1.96800,11.710950,755.0810,True
188,2.41342,3,27.18344,2.47664,1.62260,17.305720,393.9209,True
189,1.62585,5,10.95167,1.13417,0.99030,1.930496,30.2283,False
190,1.60113,3,31.24766,1.58603,1.09689,17.512150,116.3965,False
191,2.56747,5,36.05209,2.82759,2.13600,18.338880,1130.8165,True
192,1.30708,3,11.68067,2.28265,0.83792,9.295726,33.6132,False
193,2.73505,2,25.16158,1.46496,1.62316,9.604110,178.9766,False
194,1.57475,4,17.67955,1.95608,1.06784,11.417060,112.8054,False
195,2.44499,3,16.80869,1.16569,1.44112,3.135834,74.2173,False
196,1.0368,6,16.35159,1.7969,0.82151,18.180460,100.4816,False
197,2.32964,5,16.10733,2.34636,1.55795,3.247198,149.5817,False
198,2.25062,4,22.17522,2.18128,1.52028,8.792028,253.5924,False
199,2.55037,4,29.56679,1.81312,1.71607,11.413480,479.0362,True
95,2.45724,6,34.78342,1.20089,1.71460,28.086760,688.8424,True
117,2.62346,4,39.75674,1.29501,1.74490,47.528260,723.7602,True
